source_file,source_sheet,source_row,source_serial,invoice_to,invoice_no,pay_date,amount,start_date,end_date,project_name,duration,status,organization,roi_raw,gateway_raw,gateway_normalized,paid_by_wallet,paid_by_moin,paid_by_samrat,sent_to,posting_decision
Investment.xlsx,Investment,3,1.0,Shuvo,#1094,2024-04-21T00:00:00,26400.00,2024-04-21T00:00:00,2024-10-18T00:00:00,G9 Banaa - 02,6 month,Matured,GrowUp.,5119.00,Nagad,Nagad,,,26400.00,,PENDING_PROJECT_AND_CUSTODY_RECONCILIATION
Investment.xlsx,Investment,4,2.0,Shuvo,#1268,2024-05-09T00:00:00,10800.00,2024-05-12T00:00:00,2024-10-09T00:00:00,Biofloc fish farming-2,,Matured,GrowUp.,1664.00,Nagad,Nagad,,,10800.00,,PENDING_PROJECT_AND_CUSTODY_RECONCILIATION
Investment.xlsx,Investment,5,3.0,Shuvo,#1287,2024-05-11T00:00:00,20000.00,2024-05-12T00:00:00,2024-08-10T00:00:00,special project (export) 4,,Matured,GrowUp.,1750.00,Bank,Bank,,20000.00,,Shuvo,PENDING_PROJECT_AND_CUSTODY_RECONCILIATION
Investment.xlsx,Investment,6,4.0,Shuvo,#1457,2024-05-20T00:00:00,12800.00,2024-05-20T00:00:00,2024-11-16T00:00:00,G9 Banaa - 03,,Matured,GrowUp.,2482.14,,,,5000.00,7800.00,,PENDING_PROJECT_AND_CUSTODY_RECONCILIATION
Investment.xlsx,Investment,7,5.0,Moin,,2024-07-17T00:00:00,60000.00,2024-07-17T00:00:00,2025-07-17T00:00:00,Restaurant,,Running,Hungry Birds Barisal,8500.00,Cash,Cash,,50000.00,10000.00,Abu Bakar,PENDING_PROJECT_AND_CUSTODY_RECONCILIATION
Investment.xlsx,Investment,8,6.0,Shuvo,#2607,2024-09-02T00:00:00,39710.00,2024-09-10T00:00:00,2025-03-09T00:00:00,Papaya 3,,Matured,GrowUp.,7545.00,Bank+Baksh,Bank+Baksh,21750.00,17960.00,,Rosa+Shuvo,PENDING_PROJECT_AND_CUSTODY_RECONCILIATION
Investment.xlsx,Investment,9,7.0,Shuvo,#2788,2024-09-12T00:00:00,12000.00,2024-09-12T00:00:00,2025-06-09T00:00:00,Goat 3,,Matured,GrowUp.,3407.00,Bkash,bKash,,5000.00,7000.00,Grow up,PENDING_PROJECT_AND_CUSTODY_RECONCILIATION
Investment.xlsx,Investment,10,8.0,Shuvo,#3124,2024-10-07T00:00:00,15200.00,2024-10-10T00:00:00,2025-02-07T00:00:00,Dry Fish-3,,Matured,GrowUp.,1824.00,Bkash,bKash,,8200.00,7000.00,,PENDING_PROJECT_AND_CUSTODY_RECONCILIATION
Investment.xlsx,Investment,11,9.0,Shuvo,#3263,2024-10-10T00:00:00,12464.00,2024-10-10T00:00:00,2025-05-08T00:00:00,Cattle Ranch-4,,Matured,GrowUp.,2822.50,Wallet,Wallet,12464.00,,,Grow up,PENDING_PROJECT_AND_CUSTODY_RECONCILIATION
Investment.xlsx,Investment,12,10.0,Shuvo,#3594,2024-10-20T00:00:00,31519.00,2024-10-27T00:00:00,2025-06-28T00:00:00,Onion Preservation - 3,,Matured,GrowUp.,8195.00,,,31519.00,,,,PENDING_PROJECT_AND_CUSTODY_RECONCILIATION
Investment.xlsx,Investment,13,11.0,Shuvo,#4478,2024-12-03T00:00:00,115280.00,2024-12-10T00:00:00,2025-08-08T00:00:00,Qurbani Cow-1,8 Month,Matured,GrowUp.,30741.00,Wallet,Wallet,15280.00,80000.00,20000.00,Grow up,PENDING_PROJECT_AND_CUSTODY_RECONCILIATION
Investment.xlsx,Investment,14,12.0,Shuvo,#5791,2025-01-28T00:00:00,60000.00,2025-02-12T00:00:00,2025-10-10T00:00:00,Sugar Cane Export-2,8 Month,Matured,GrowUp.,16000.80,Bank+Bkash,Bank+Bkash,,50000.00,10000.00,Grow up,PENDING_PROJECT_AND_CUSTODY_RECONCILIATION
Investment.xlsx,Investment,15,13.0,Shuvo,#7224 #7210,2025-03-09T00:00:00,36024.00,2025-03-14T00:00:00,2025-11-09T00:00:00,Banana-4,8 Month,Matured,GrowUp.,9474.00,Wallet+Bank,Wallet+Bank,17024.00,19000.00,,,PENDING_PROJECT_AND_CUSTODY_RECONCILIATION
Investment.xlsx,Investment,16,14.0,Shuvo,#18257,2025-10-13T00:00:00,200000.00,2025-10-20T00:00:00,2026-06-20T00:00:00,Qurbani Cow-3,8 Month,Running,GrowUp.,,Wallet,Wallet,200000.00,,,Grow up,PENDING_PROJECT_AND_CUSTODY_RECONCILIATION
Investment.xlsx,Investment,17,15.0,Shuvo,#0169,2025-10-13T00:00:00,100000.00,2025-10-13T00:00:00,2026-04-13T00:00:00,Land Trading -4,6 Month,Running,Zayn Farm,,Wallet,Wallet,100000.00,,,Zayn Farm,PENDING_PROJECT_AND_CUSTODY_RECONCILIATION
Investment.xlsx,Investment,18,16.0,Shuvo,#804,2026-01-15T00:00:00,80000.00,2026-01-15T00:00:00,2026-07-15T00:00:00,Land Trading -6,6 Month,Running,Zayn Farm,,Bank,Bank,,80000.00,,Zayn Farm,PENDING_PROJECT_AND_CUSTODY_RECONCILIATION
Investment.xlsx,Investment,19,17.0,Shuvo,#PIW-831-18778,2026-03-20T00:00:00,35000.00,2026-03-26T00:00:00,2026-09-24T00:00:00,Agro Stock,6 Month,Running,GrowUp.,,Bank,Bank,,15000.00,20000.00,Grow up,PENDING_PROJECT_AND_CUSTODY_RECONCILIATION
Investment.xlsx,Investment,20,18.0,Shuvo,INV-2026-P9FFX9GC,2026-04-30T00:00:00,150000.00,2026-04-30T00:00:00,2026-07-30T00:00:00,Integrated Agro Project - 1,3 Month+,Running,Zayn Farm,,Bank,Bank,120000.00,30000.00,,Zayn Farm,PENDING_PROJECT_AND_CUSTODY_RECONCILIATION
Investment.xlsx,Investment,21,19.0,Shuvo,#PIW-831-18781,2026-07-07T00:00:00,253341.00,2026-07-16T00:00:00,2027-01-15T00:00:00,Sugar Cane-5,6 Month,Running,GrowUp.,,Wallet,Wallet,253341.00,,,Grow up,PENDING_PROJECT_AND_CUSTODY_RECONCILIATION
Investment.xlsx,Investment,22,20.0,,,,,,,,,,,,,,,,,,PENDING_PROJECT_AND_CUSTODY_RECONCILIATION
