source_ref,member_id,member_name,month,share_count,principal_due,principal_paid,penalty_due,penalty_paid,advance_applied,excess_advance,status,source_row,comment
HIST-2024-01-R03,NSF001,Salah Uddin Shuvo -Director,2024-01,5,2500.00,2500.00,0.00,0.00,0.00,0.00,PAID,3,"1st payment (1000TK) on 01-02-24, 2nd Payment (1500TK) on 01-21-24"
HIST-2024-01-R04,NSF002,Safiqul Islam -President,2024-01,4,2000.00,2000.00,0.00,0.00,0.00,0.00,PAID,4,"1st payment (1000TK) on 01-02-24, 2nd Payment (1000TK) on 01-23-24"
HIST-2024-01-R05,NSF003,Moin Uddin -Accountant,2024-01,2,1000.00,1000.00,0.00,0.00,0.00,0.00,PAID,5,
HIST-2024-01-R06,NSF004,Nurul Amin Samrat -Asst. Acc,2024-01,4,2000.00,2000.00,0.00,0.00,0.00,0.00,PAID,6,
HIST-2024-01-R07,NSF005,Nayem Islam -GS,2024-01,2,1000.00,1000.00,0.00,0.00,0.00,0.00,PAID,7,
HIST-2024-01-R08,NSF006,Abdul Hannan Khan -Convener,2024-01,1,500.00,500.00,0.00,0.00,0.00,0.00,PAID,8,
HIST-2024-01-R09,NSF007,Bayzid Hasan,2024-01,1,500.00,500.00,0.00,0.00,0.00,0.00,PAID,9,
HIST-2024-01-R10,NSF008,Munzur Rahman Munib,2024-01,1,500.00,500.00,0.00,0.00,0.00,0.00,PAID,10,
HIST-2024-01-R11,NSF009,Mizanur Rahman,2024-01,1,500.00,500.00,0.00,0.00,0.00,0.00,PAID,11,
HIST-2024-01-R12,NSF010,H. M Mahmudul Hasan,2024-01,1,500.00,500.00,0.00,0.00,0.00,0.00,PAID,12,
HIST-2024-01-R13,NSF011,Shoaib Ali,2024-01,2,1000.00,1000.00,0.00,0.00,0.00,0.00,PAID,13,
HIST-2024-01-R14,NSF012,Rakib Talukder,2024-01,2,1000.00,1000.00,0.00,0.00,0.00,0.00,PAID,14,
HIST-2024-01-R15,NSF013,H. M Ali Hossain,2024-01,2,1000.00,1000.00,0.00,0.00,0.00,0.00,PAID,15,
HIST-2024-01-R16,NSF014,MD. Mustafizur Rahman Kollol,2024-01,6,3000.00,3000.00,0.00,0.00,0.00,0.00,PAID,16,
HIST-2024-01-R17,NSF015,Kawsar Ullah,2024-01,1,500.00,500.00,0.00,0.00,0.00,0.00,PAID,17,
HIST-2024-01-R18,NSF016,Arifur Rahman -Patuakhali,2024-01,1,500.00,500.00,0.00,0.00,0.00,0.00,PAID,18,
HIST-2024-01-R19,NSF017,Mamun Mridha,2024-01,4,2000.00,2000.00,0.00,0.00,0.00,0.00,PAID,19,
HIST-2024-01-R20,NSF018,Masum Billah,2024-01,2,1000.00,1000.00,0.00,0.00,0.00,0.00,PAID,20,
HIST-2024-01-R21,NSF019,Mamun Al Mahin- Ptk,2024-01,2,1000.00,1000.00,0.00,0.00,0.00,0.00,PAID,21,
HIST-2024-01-R22,NSF020,Nasim Billah Rafi,2024-01,1,500.00,500.00,0.00,0.00,0.00,0.00,PAID,22,
HIST-2024-01-R23,NSF021,MD. Tawhid Islam,2024-01,2,1000.00,1000.00,0.00,0.00,0.00,0.00,PAID,23,
HIST-2024-01-R24,NSF022,Mahmudur Rahman Hasib,2024-01,2,1000.00,1000.00,0.00,0.00,0.00,0.00,PAID,24,
HIST-2024-01-R25,NSF023,MD. Abdullah Al Jobair,2024-01,1,500.00,500.00,0.00,0.00,0.00,500.00,PAID,25,Advanced for Jan+Feb.
HIST-2024-01-R25-ADV-2024-02,NSF023,MD. Abdullah Al Jobair,2024-02,1,500.00,500.00,0.00,0.00,500.00,0.00,PAID,25,Advance from 2024-01: Advanced for Jan+Feb.
HIST-2024-01-R26,NSF024,Arif - Gowranodi,2024-01,1,500.00,500.00,0.00,0.00,0.00,0.00,PAID,26,
HIST-2024-01-R27,NSF025,Sible Iqbal,2024-01,2,1000.00,1000.00,0.00,0.00,0.00,0.00,PAID,27,
HIST-2024-01-R28,NSF026,Shikder Tanim,2024-01,1,500.00,500.00,0.00,0.00,0.00,0.00,PAID,28,
HIST-2024-01-R29,NSF027,Mamun Al Mahin (Khulna),2024-01,2,1000.00,1000.00,0.00,0.00,0.00,0.00,PAID,29,
HIST-2024-01-R30,NSF028,Al Amin Sohel Khandaker,2024-01,2,1000.00,1000.00,0.00,0.00,0.00,0.00,PAID,30,
HIST-2024-01-R31,NSF029,Hasan Al Emran,2024-01,1,500.00,500.00,0.00,0.00,0.00,0.00,PAID,31,
HIST-2024-01-R32,NSF030,H. M Wali Ullah,2024-01,2,1000.00,1000.00,0.00,0.00,0.00,1000.00,PAID,32,Advanced for Jan+Feb.
HIST-2024-01-R32-ADV-2024-02,NSF030,H. M Wali Ullah,2024-02,2,1000.00,1000.00,0.00,0.00,1000.00,0.00,PAID,32,Advance from 2024-01: Advanced for Jan+Feb.
HIST-2024-01-R33,NSF031,Yasin Arafat,2024-01,1,500.00,500.00,0.00,0.00,0.00,1500.00,PAID,33,Advanced paid for Jan-April
HIST-2024-01-R33-ADV-2024-02,NSF031,Yasin Arafat,2024-02,1,500.00,500.00,0.00,0.00,500.00,0.00,PAID,33,Advance from 2024-01: Advanced paid for Jan-April
HIST-2024-01-R33-ADV-2024-03,NSF031,Yasin Arafat,2024-03,1,500.00,500.00,0.00,0.00,500.00,0.00,PAID,33,Advance from 2024-01: Advanced paid for Jan-April
HIST-2024-01-R33-ADV-2024-04,NSF031,Yasin Arafat,2024-04,1,500.00,500.00,0.00,0.00,500.00,0.00,PAID,33,Advance from 2024-01: Advanced paid for Jan-April
HIST-2024-01-R34,NSF032,Ahsan Ul Tanvir,2024-01,2,1000.00,0.00,0.00,0.00,0.00,0.00,DUE,34,
HIST-2024-01-R35,NSF033,H. M Sakawat Ullah,2024-01,2,1000.00,1000.00,0.00,0.00,0.00,0.00,PAID,35,
HIST-2024-01-R36,NSF034,Abu Bakar Rohan,2024-01,6,3000.00,0.00,0.00,0.00,0.00,0.00,DUE,36,
HIST-2024-01-R37,NSF035,Mamunur Rashid,2024-01,1,500.00,0.00,0.00,0.00,0.00,0.00,DUE,37,
