payment_ref,member_id,target_month,allocation_type,amount,source_ref
HIST-2024-01-R03-P01,NSF001,2024-01,PRINCIPAL,1000.00,HIST-2024-01-R03
HIST-2024-01-R03-P02,NSF001,2024-01,PRINCIPAL,1500.00,HIST-2024-01-R03
HIST-2024-01-R04-P01,NSF002,2024-01,PRINCIPAL,1000.00,HIST-2024-01-R04
HIST-2024-01-R04-P02,NSF002,2024-01,PRINCIPAL,1000.00,HIST-2024-01-R04
HIST-2024-01-R05-P01,NSF003,2024-01,PRINCIPAL,1000.00,HIST-2024-01-R05
HIST-2024-01-R06-P01,NSF004,2024-01,PRINCIPAL,2000.00,HIST-2024-01-R06
HIST-2024-01-R07-P01,NSF005,2024-01,PRINCIPAL,1000.00,HIST-2024-01-R07
HIST-2024-01-R08-P01,NSF006,2024-01,PRINCIPAL,500.00,HIST-2024-01-R08
HIST-2024-01-R09-P01,NSF007,2024-01,PRINCIPAL,500.00,HIST-2024-01-R09
HIST-2024-01-R10-P01,NSF008,2024-01,PRINCIPAL,500.00,HIST-2024-01-R10
HIST-2024-01-R11-P01,NSF009,2024-01,PRINCIPAL,500.00,HIST-2024-01-R11
HIST-2024-01-R12-P01,NSF010,2024-01,PRINCIPAL,500.00,HIST-2024-01-R12
HIST-2024-01-R13-P01,NSF011,2024-01,PRINCIPAL,1000.00,HIST-2024-01-R13
HIST-2024-01-R14-P01,NSF012,2024-01,PRINCIPAL,1000.00,HIST-2024-01-R14
HIST-2024-01-R15-P01,NSF013,2024-01,PRINCIPAL,1000.00,HIST-2024-01-R15
HIST-2024-01-R16-P01,NSF014,2024-01,PRINCIPAL,3000.00,HIST-2024-01-R16
HIST-2024-01-R17-P01,NSF015,2024-01,PRINCIPAL,500.00,HIST-2024-01-R17
HIST-2024-01-R18-P01,NSF016,2024-01,PRINCIPAL,500.00,HIST-2024-01-R18
HIST-2024-01-R19-P01,NSF017,2024-01,PRINCIPAL,2000.00,HIST-2024-01-R19
HIST-2024-01-R20-P01,NSF018,2024-01,PRINCIPAL,1000.00,HIST-2024-01-R20
HIST-2024-01-R21-P01,NSF019,2024-01,PRINCIPAL,1000.00,HIST-2024-01-R21
HIST-2024-01-R22-P01,NSF020,2024-01,PRINCIPAL,500.00,HIST-2024-01-R22
HIST-2024-01-R23-P01,NSF021,2024-01,PRINCIPAL,1000.00,HIST-2024-01-R23
HIST-2024-01-R24-P01,NSF022,2024-01,PRINCIPAL,1000.00,HIST-2024-01-R24
HIST-2024-01-R25-P01,NSF023,2024-01,PRINCIPAL,500.00,HIST-2024-01-R25
HIST-2024-01-R25-P01,NSF023,2024-02,ADVANCE,500.00,HIST-2024-01-R25
HIST-2024-01-R26-P01,NSF024,2024-01,PRINCIPAL,500.00,HIST-2024-01-R26
HIST-2024-01-R27-P01,NSF025,2024-01,PRINCIPAL,1000.00,HIST-2024-01-R27
HIST-2024-01-R28-P01,NSF026,2024-01,PRINCIPAL,500.00,HIST-2024-01-R28
HIST-2024-01-R29-P01,NSF027,2024-01,PRINCIPAL,1000.00,HIST-2024-01-R29
HIST-2024-01-R30-P01,NSF028,2024-01,PRINCIPAL,1000.00,HIST-2024-01-R30
HIST-2024-01-R31-P01,NSF029,2024-01,PRINCIPAL,500.00,HIST-2024-01-R31
HIST-2024-01-R32-P01,NSF030,2024-01,PRINCIPAL,1000.00,HIST-2024-01-R32
HIST-2024-01-R32-P01,NSF030,2024-02,ADVANCE,1000.00,HIST-2024-01-R32
HIST-2024-01-R33-P01,NSF031,2024-01,PRINCIPAL,500.00,HIST-2024-01-R33
HIST-2024-01-R33-P01,NSF031,2024-02,ADVANCE,500.00,HIST-2024-01-R33
HIST-2024-01-R33-P01,NSF031,2024-03,ADVANCE,500.00,HIST-2024-01-R33
HIST-2024-01-R33-P01,NSF031,2024-04,ADVANCE,500.00,HIST-2024-01-R33
HIST-2024-01-R35-P01,NSF033,2024-01,PRINCIPAL,1000.00,HIST-2024-01-R35
