payment_ref,source_ref,member_id,member_name,payment_date,total_amount,gateway,receiver_source,penalty_amount,cashout_charge,transaction_reference,comment,posting_decision
HIST-2024-01-R03-P01,HIST-2024-01-R03,NSF001,Salah Uddin Shuvo -Director,2024-01-02,1000.00,BANK,Moin,0.00,0.00,,"1st payment (1000TK) on 01-02-24, 2nd Payment (1500TK) on 01-21-24",READY_FOR_STAGING_AFTER_MEMBER_AND_CUSTODY_MAPPING
HIST-2024-01-R03-P02,HIST-2024-01-R03,NSF001,Salah Uddin Shuvo -Director,2024-01-21,1500.00,BANK,Moin,0.00,0.00,,"1st payment (1000TK) on 01-02-24, 2nd Payment (1500TK) on 01-21-24",READY_FOR_STAGING_AFTER_MEMBER_AND_CUSTODY_MAPPING
HIST-2024-01-R04-P01,HIST-2024-01-R04,NSF002,Safiqul Islam -President,2024-01-02,1000.00,BKASH,Moin,0.00,0.00,,"1st payment (1000TK) on 01-02-24, 2nd Payment (1000TK) on 01-23-24",READY_FOR_STAGING_AFTER_MEMBER_AND_CUSTODY_MAPPING
HIST-2024-01-R04-P02,HIST-2024-01-R04,NSF002,Safiqul Islam -President,2024-01-23,1000.00,BKASH,Moin,0.00,0.00,,"1st payment (1000TK) on 01-02-24, 2nd Payment (1000TK) on 01-23-24",READY_FOR_STAGING_AFTER_MEMBER_AND_CUSTODY_MAPPING
HIST-2024-01-R05-P01,HIST-2024-01-R05,NSF003,Moin Uddin -Accountant,2024-01-02,1000.00,CASH,Moin,0.00,0.00,,,READY_FOR_STAGING_AFTER_MEMBER_AND_CUSTODY_MAPPING
HIST-2024-01-R06-P01,HIST-2024-01-R06,NSF004,Nurul Amin Samrat -Asst. Acc,2024-01-02,2000.00,CASH,Samrat,0.00,0.00,,,READY_FOR_STAGING_AFTER_MEMBER_AND_CUSTODY_MAPPING
HIST-2024-01-R07-P01,HIST-2024-01-R07,NSF005,Nayem Islam -GS,2024-01-06,1000.00,BKASH,Moin,0.00,0.00,,,READY_FOR_STAGING_AFTER_MEMBER_AND_CUSTODY_MAPPING
HIST-2024-01-R08-P01,HIST-2024-01-R08,NSF006,Abdul Hannan Khan -Convener,2024-01-10,500.00,BKASH,Moin,0.00,0.00,,,READY_FOR_STAGING_AFTER_MEMBER_AND_CUSTODY_MAPPING
HIST-2024-01-R09-P01,HIST-2024-01-R09,NSF007,Bayzid Hasan,2024-01-13,500.00,BKASH,Moin,0.00,0.00,,,READY_FOR_STAGING_AFTER_MEMBER_AND_CUSTODY_MAPPING
HIST-2024-01-R10-P01,HIST-2024-01-R10,NSF008,Munzur Rahman Munib,2024-01-03,500.00,BKASH,Moin,0.00,0.00,,,READY_FOR_STAGING_AFTER_MEMBER_AND_CUSTODY_MAPPING
HIST-2024-01-R11-P01,HIST-2024-01-R11,NSF009,Mizanur Rahman,2024-01-12,500.00,BKASH,Moin,0.00,0.00,,,READY_FOR_STAGING_AFTER_MEMBER_AND_CUSTODY_MAPPING
HIST-2024-01-R12-P01,HIST-2024-01-R12,NSF010,H. M Mahmudul Hasan,2024-01-03,500.00,BKASH,Moin,0.00,0.00,,,READY_FOR_STAGING_AFTER_MEMBER_AND_CUSTODY_MAPPING
HIST-2024-01-R13-P01,HIST-2024-01-R13,NSF011,Shoaib Ali,2024-01-14,1000.00,BKASH,Moin,0.00,0.00,,,READY_FOR_STAGING_AFTER_MEMBER_AND_CUSTODY_MAPPING
HIST-2024-01-R14-P01,HIST-2024-01-R14,NSF012,Rakib Talukder,2024-01-12,1000.00,NAGAD,Samrat,0.00,0.00,,,READY_FOR_STAGING_AFTER_MEMBER_AND_CUSTODY_MAPPING
HIST-2024-01-R15-P01,HIST-2024-01-R15,NSF013,H. M Ali Hossain,2024-01-17,1000.00,BKASH,Moin,0.00,0.00,,,READY_FOR_STAGING_AFTER_MEMBER_AND_CUSTODY_MAPPING
HIST-2024-01-R16-P01,HIST-2024-01-R16,NSF014,MD. Mustafizur Rahman Kollol,2024-01-16,3000.00,BANK,Moin,0.00,0.00,,,READY_FOR_STAGING_AFTER_MEMBER_AND_CUSTODY_MAPPING
HIST-2024-01-R17-P01,HIST-2024-01-R17,NSF015,Kawsar Ullah,2024-01-15,500.00,BKASH,Moin,0.00,0.00,,,READY_FOR_STAGING_AFTER_MEMBER_AND_CUSTODY_MAPPING
HIST-2024-01-R18-P01,HIST-2024-01-R18,NSF016,Arifur Rahman -Patuakhali,2024-01-12,500.00,NAGAD,Samrat,0.00,0.00,,,READY_FOR_STAGING_AFTER_MEMBER_AND_CUSTODY_MAPPING
HIST-2024-01-R19-P01,HIST-2024-01-R19,NSF017,Mamun Mridha,2024-01-10,2000.00,NAGAD,Samrat,0.00,0.00,,,READY_FOR_STAGING_AFTER_MEMBER_AND_CUSTODY_MAPPING
HIST-2024-01-R20-P01,HIST-2024-01-R20,NSF018,Masum Billah,2024-01-03,1000.00,BKASH,Moin,0.00,0.00,,,READY_FOR_STAGING_AFTER_MEMBER_AND_CUSTODY_MAPPING
HIST-2024-01-R21-P01,HIST-2024-01-R21,NSF019,Mamun Al Mahin- Ptk,2024-01-03,1000.00,NAGAD,Samrat,0.00,0.00,,,READY_FOR_STAGING_AFTER_MEMBER_AND_CUSTODY_MAPPING
HIST-2024-01-R22-P01,HIST-2024-01-R22,NSF020,Nasim Billah Rafi,2024-01-14,500.00,NAGAD,Samrat,0.00,0.00,,,READY_FOR_STAGING_AFTER_MEMBER_AND_CUSTODY_MAPPING
HIST-2024-01-R23-P01,HIST-2024-01-R23,NSF021,MD. Tawhid Islam,2024-01-08,1000.00,NAGAD,Samrat,0.00,0.00,,,READY_FOR_STAGING_AFTER_MEMBER_AND_CUSTODY_MAPPING
HIST-2024-01-R24-P01,HIST-2024-01-R24,NSF022,Mahmudur Rahman Hasib,2024-01-15,1000.00,BKASH,Moin,0.00,0.00,,,READY_FOR_STAGING_AFTER_MEMBER_AND_CUSTODY_MAPPING
HIST-2024-01-R25-P01,HIST-2024-01-R25,NSF023,MD. Abdullah Al Jobair,2024-01-02,1000.00,BKASH,Moin,0.00,0.00,,Advanced for Jan+Feb.,READY_FOR_STAGING_AFTER_MEMBER_AND_CUSTODY_MAPPING
HIST-2024-01-R26-P01,HIST-2024-01-R26,NSF024,Arif - Gowranodi,2024-01-11,500.00,BKASH,Moin,0.00,0.00,,,READY_FOR_STAGING_AFTER_MEMBER_AND_CUSTODY_MAPPING
HIST-2024-01-R27-P01,HIST-2024-01-R27,NSF025,Sible Iqbal,2024-01-16,1000.00,BKASH,Moin,0.00,0.00,,,READY_FOR_STAGING_AFTER_MEMBER_AND_CUSTODY_MAPPING
HIST-2024-01-R28-P01,HIST-2024-01-R28,NSF026,Shikder Tanim,2024-01-13,500.00,BKASH,Moin,0.00,0.00,,,READY_FOR_STAGING_AFTER_MEMBER_AND_CUSTODY_MAPPING
HIST-2024-01-R29-P01,HIST-2024-01-R29,NSF027,Mamun Al Mahin (Khulna),2024-01-04,1000.00,BANK,Moin,0.00,0.00,,,READY_FOR_STAGING_AFTER_MEMBER_AND_CUSTODY_MAPPING
HIST-2024-01-R30-P01,HIST-2024-01-R30,NSF028,Al Amin Sohel Khandaker,2024-01-31,1000.00,NAGAD,Samrat,0.00,0.00,,,READY_FOR_STAGING_AFTER_MEMBER_AND_CUSTODY_MAPPING
HIST-2024-01-R31-P01,HIST-2024-01-R31,NSF029,Hasan Al Emran,2024-01-04,500.00,BANK,Moin,0.00,0.00,,,READY_FOR_STAGING_AFTER_MEMBER_AND_CUSTODY_MAPPING
HIST-2024-01-R32-P01,HIST-2024-01-R32,NSF030,H. M Wali Ullah,2024-01-06,2000.00,BKASH,Moin,0.00,0.00,,Advanced for Jan+Feb.,READY_FOR_STAGING_AFTER_MEMBER_AND_CUSTODY_MAPPING
HIST-2024-01-R33-P01,HIST-2024-01-R33,NSF031,Yasin Arafat,2024-01-30,2000.00,BKASH,Moin,0.00,0.00,,Advanced paid for Jan-April,READY_FOR_STAGING_AFTER_MEMBER_AND_CUSTODY_MAPPING
HIST-2024-01-R35-P01,HIST-2024-01-R35,NSF033,H. M Sakawat Ullah,2024-01-31,1000.00,NAGAD,Samrat,0.00,0.00,,,READY_FOR_STAGING_AFTER_MEMBER_AND_CUSTODY_MAPPING
