MemberID,Name,Phone,JoinDate,Shares,MonthlyAmount,Status
NSF001,Salah Uddin Shuvo -Director,+8801521-213224,1/2/2024,5,2500,Active
NSF002,Safiqul Islam -President,+8801763-900449,1/2/2024,4,2000,Active
NSF003,Moin Uddin -Accountant,+8801747-969042,1/2/2024,2,1000,Active
NSF004,Nurul Amin Samrat -Asst. Acc,+8801780-503933,1/2/2024,4,2000,Active
NSF005,Nayem Islam -GS,+8801723-639354,1/6/2024,2,1000,Active
NSF006,Abdul Hannan Khan -Convener,+8801715-854708,1/10/2024,1,500,Active
NSF007,Bayzid Hasan,+8801737-612640,1/13/2024,1,500,Active
NSF008,Munzur Rahman Munib,+8801521-229199,1/3/2024,1,500,Active
NSF009,Mizanur Rahman,+8801608-797678,1/12/2024,1,500,Active
NSF010,H. M Mahmudul Hasan,+8801870-959087,1/3/2024,1,500,Active
NSF011,Shoaib Ali,+8801303-043671,1/14/2024,2,1000,Active
NSF012,Rakib Talukder,+8801745-952209,1/12/2024,2,1000,Active
NSF013,H. M Ali Hossain,+8801748-256908,1/17/2024,2,1000,Active
NSF014,MD. Mustafizur Rahman Kollol,+8801833-776223,1/16/2024,6,3000,Active
NSF015,Kawsar Ullah,+8801907-242129,1/15/2024,1,500,Active
NSF016,Arifur Rahman -Patuakhali,+8801751-609015,1/12/2024,1,500,Active
NSF017,Mamun Mridha,+8801710-181423,1/10/2024,4,2000,Active
NSF018,Masum Billah,+8801767-677299,1/3/2024,2,1000,Active
NSF019,Mamun Al Mahin- Ptk,+8801758-677068,1/3/2024,2,1000,Active
NSF020,Nasim Billah Rafi,+8801700-583541,1/14/2024,1,500,Active
NSF021,MD. Tawhid Islam,+8801303-958303,1/8/2024,2,1000,Active
NSF022,Mahmudur Rahman Hasib,+8801721-429307,1/15/2024,2,1000,Active
NSF023,MD. Abdullah Al Jobair,+8801770-158309,1/2/2024,1,500,Active
NSF024,Arif - Gowranodi,+8801726-393623,1/11/2024,1,500,Active
NSF025,Sible Iqbal,+8801824-773152,1/16/2024,2,1000,Active
NSF026,Shikder Tanim,+8801721-058636,1/13/2024,1,500,Active
NSF027,Mamun Al Mahin (Khulna),+8801311-368699,1/4/2024,2,1000,Active
NSF028,Al Amin Sohel Khandaker,+8801317-019301,1/31/2024,2,1000,Active
NSF029,Hasan Al Emran,+8801731-067986,1/4/2024,1,500,Active
NSF030,H. M Wali Ullah,+8801718-040654,1/6/2024,2,1000,Active
NSF031,Yasin Arafat,+60182-137760,1/30/2024,1,500,Active
NSF032,Ahsan Ul Tanvir,+8801677-669429,2/15/2024,2,1000,Active
NSF033,H. M Sakawat Ullah,+8801886-223225,1/31/2024,2,1000,Active
